{
    "enabled": true,
    "extensions": { "miningCandidateApi": true },
    "featured": true,
    "fees": 1,
    "addresses": {
        "address": "14JbhdE5QCqm4jmHKaTkfjqNbkqWQCy78E",
        "tAddress": "",
        "zAddress": ""
    },
    "coin": {
        "name": "Bitcoin",
        "symbol": "BTC",
        "algorithm": "sha256",
        "satoshiPrecision": 8,
        "peerMagic": "ace4b9cd",
        "peerMagicTestnet": "f01a6eef",
        "hasGetInfo": false,
        "hashrateType": "sols",
        "requireShielding": false,
        "sapling": false,
        "txfee": 0.0004,
        "mainnet": {
            "bech32": "bhtc",
            "bip32": {
                "public": "0488B21E"
            },
            "pubKeyHash": "19",
            "scriptHash": "32"
        },
        "parameters": {
            "N": "",
            "K": "",
            "personalization": ""
        },
        "testnet": {
            "bech32": "tbhtc",
            "bip32": {
                "public": "043587CF"
            },
            "pubKeyHash": "19",
            "scriptHash": "C4"
        }
    },
    "daemons": [
        {
            "host": "192.168.1.10",
            "port": 3010,
            "user": "hr-pool",
            "password": "hr-pool"
        }
    ],
    "paymentProcessing": {
        "enabled": true,
        "checkInterval": 20,
        "operationInterval": 0,
        "paymentInterval": 7200,
        "shieldInterval": 0,
        "minimumPayment": 0.05,
        "daemon": {
            "host": "192.168.1.10",
            "port": 3001,
            "user": "hr-pool",
            "password": "hr-pool"
        }
    },
    "ports": {
        "3010": {
            "enabled": true,
            "soloMining": true,
            "diff": 8,
            "varDiff": {
                "minDiff": 8,
                "maxDiff": 512,
                "targetTime": 15,
                "retargetTime": 90,
                "variancePercent": 30
            }
        },
        "3011": {
            "enabled": true,
            "soloMining": true,
            "diff": 8,
            "varDiff": {
                "minDiff": 8,
                "maxDiff": 512,
                "targetTime": 15,
                "retargetTime": 90,
                "variancePercent": 30
            }
        }
    },
    "p2p": {
        "enabled": true,
        "host": "192.168.1.10",
        "port": 3011,
        "disableTransactions": true
    },
    "rewardRecipients": {
        "bc1q49qnfwsd4ekq2a3fvq04h676kzsen0aepq0yzg": 1
    }
}
